[
    {
        "question": "Who created the Python programming language?",
        "options": [
            "Guido van Rossum",
            "James Gosling",
            "Dennis Ritchie",
            "Bjarne Stroustrup"
        ],
        "answer": "Guido van Rossum"
    },
    {
        "question": "In which year was Python first released?",
        "options": [
            "1991",
            "1989",
            "2000",
            "1995"
        ],
        "answer": "1991"
    },
    {
        "question": "What is the file extension for Python files?",
        "options": [
            ".py",
            ".python",
            ".pyt",
            ".pt"
        ],
        "answer": ".py"
    },
    {
        "question": "Which keyword is used to define a function in Python?",
        "options": [
            "func",
            "define",
            "def",
            "function"
        ],
        "answer": "def"
    },
    {
        "question": "Which data type is immutable in Python?",
        "options": [
            "List",
            "Dictionary",
            "Tuple",
            "Set"
        ],
        "answer": "Tuple"
    },
    {
        "question": "What is the output of 3 * 'Hi' in Python?",
        "options": [
            "HiHiHi",
            "Hi*3",
            "Error",
            "3Hi"
        ],
        "answer": "HiHiHi"
    },
    {
        "question": "Which function is used to get input from the user?",
        "options": [
            "input()",
            "get()",
            "scan()",
            "read()"
        ],
        "answer": "input()"
    },
    {
        "question": "Which symbol is used for comments in Python?",
        "options": [
            "//",
            "#",
            "/* */",
            "<!-- -->"
        ],
        "answer": "#"
    },
    {
        "question": "Which module in Python is used for working with dates and times?",
        "options": [
            "datetime",
            "time",
            "calendar",
            "All of the above"
        ],
        "answer": "All of the above"
    },
    {
        "question": "What does the len() function do?",
        "options": [
            "Returns the number of items",
            "Returns the data type",
            "Returns the last element",
            "Returns the sum of elements"
        ],
        "answer": "Returns the number of items"
    },
    {
        "question": "What is the correct way to declare a variable in Python?",
        "options": [
            "var x = 5",
            "x = 5",
            "int x = 5",
            "declare x = 5"
        ],
        "answer": "x = 5"
    },
    {
        "question": "Which of these is a Python web framework?",
        "options": [
            "Flask",
            "React",
            "Angular",
            "Laravel"
        ],
        "answer": "Flask"
    },
    {
        "question": "Which operator is used for exponentiation in Python?",
        "options": [
            "^",
            "**",
            "exp()",
            "pow() only"
        ],
        "answer": "**"
    },
    {
        "question": "What will be the output of type(5/2)?",
        "options": [
            "int",
            "float",
            "double",
            "number"
        ],
        "answer": "float"
    },
    {
        "question": "Which keyword is used to create a class in Python?",
        "options": [
            "class",
            "Class",
            "cls",
            "structure"
        ],
        "answer": "class"
    },
    {
        "question": "Which built-in function is used to sort a list in Python?",
        "options": [
            "sort()",
            "sorted()",
            "order()",
            "arrange()"
        ],
        "answer": "sorted()"
    },
    {
        "question": "Which of the following is a mutable data type in Python?",
        "options": [
            "List",
            "Tuple",
            "String",
            "Integer"
        ],
        "answer": "List"
    },
    {
        "question": "What will be the output of bool(0) in Python?",
        "options": [
            "True",
            "False",
            "0",
            "Error"
        ],
        "answer": "False"
    },
    {
        "question": "Which function is used to display output in Python?",
        "options": [
            "display()",
            "show()",
            "print()",
            "echo()"
        ],
        "answer": "print()"
    },
    {
        "question": "What is the output of 2 ** 3 in Python?",
        "options": [
            "6",
            "8",
            "9",
            "Error"
        ],
        "answer": "8"
    }
]